time,site,month,currenttime
2026-09-26 22:53:14,koto,202610,1790430710.7
2026-09-26 22:53:14,koto,202611,1790430539.9
2026-09-26 22:54:19,koto,202611,1790430840.1
2026-09-26 22:57:01,koto,202610,1790431010.8
2026-09-26 22:59:11,koto,202611,1790431139.2
2026-09-26 23:01:54,koto,202610,1790431311.2
2026-09-26 23:04:05,koto,202611,1790431439.4
2026-09-26 23:07:16,koto,202610,1790431611.1
2026-09-26 23:09:03,koto,202611,1790431739.5
2026-09-26 23:11:55,koto,202610,1790431911.0
2026-09-26 23:14:03,koto,202611,1790432039.6
2026-09-26 23:16:55,koto,202610,1790432210.1
2026-09-26 23:19:03,koto,202611,1790432340.5
2026-09-26 23:21:54,koto,202610,1790432510.2
