detect_id,detect_time,site,kind,date,prev_first,days_earlier,bookable,seats_at_detect,max_seats,bookable_sec,end
hist_09262224_fuchu_2026-10-21,2026-09-26 22:24:00,fuchu,only,2026-10-21,2026-11-12,22,,,,,unknown(記録前)
hist_09262308_fuchu_2026-10-28,2026-09-26 23:08:00,fuchu,only,2026-10-28,2026-11-12,15,,,,,unknown(記録前)
hist_09270035_koto_2026-11-04,2026-09-27 00:35:00,koto,only,2026-11-04,2026-11-10,6,,,,,unknown(記録前)
hist_09270048_koto_2026-10-20,2026-09-27 00:48:00,koto,only,2026-10-20,2026-11-10,21,,,,,unknown(記録前)
hist_09270123_fuchu_2026-11-09,2026-09-27 01:23:00,fuchu,only,2026-11-09,2026-11-12,3,,,,,unknown(記録前)
hist_09270208_fuchu_2026-11-11,2026-09-27 02:08:00,fuchu,only,2026-11-11,2026-11-12,1,0,0,0,,phantom
hist_09270956_fuchu_2026-10-09,2026-09-27 09:56:00,fuchu,only,2026-10-09,2026-11-12,34,0,0,0,,phantom
hist_09271228_koto_2026-10-01,2026-09-27 12:28:00,koto,only,2026-10-01,2026-11-10,40,0,0,0,,phantom
hist_09271434_koto_2026-10-26,2026-09-27 14:34:00,koto,only,2026-10-26,2026-11-10,15,0,0,0,,phantom
hist_09271643_koto_2026-11-04,2026-09-27 16:43:00,koto,only,2026-11-04,2026-11-10,6,0,0,0,,phantom
hist_09271656_koto_2026-10-07,2026-09-27 16:56:00,koto,only,2026-10-07,2026-11-10,34,0,0,0,,phantom
hist_09271716_koto_2026-11-09,2026-09-27 17:16:00,koto,only,2026-11-09,2026-11-10,1,0,0,0,,phantom
hist_09272019_fuchu_2026-10-30,2026-09-27 20:19:00,fuchu,only,2026-10-30,2026-11-12,13,0,0,0,,phantom
