detect_id,time,site,kind,date,offset_sec,am,pm,total,cache_age
0927020819_fuchu_2026-11-11,2026-09-27 02:08:19,fuchu,only,2026-11-11,0,0,0,0,
0927020819_fuchu_2026-11-11,2026-09-27 02:08:49,fuchu,only,2026-11-11,30,0,0,0,
0927020819_fuchu_2026-11-11,2026-09-27 02:09:19,fuchu,only,2026-11-11,60,0,0,0,
0927020819_fuchu_2026-11-11,2026-09-27 02:10:19,fuchu,only,2026-11-11,120,0,0,0,
0927020819_fuchu_2026-11-11,2026-09-27 02:13:19,fuchu,only,2026-11-11,300,0,0,0,
0927030452_koto_2026-11-10,2026-09-27 03:04:52,koto,only,2026-11-10,0,71,0,71,
0927030452_koto_2026-11-10,2026-09-27 03:05:22,koto,only,2026-11-10,30,71,0,71,
0927030452_koto_2026-11-10,2026-09-27 03:05:52,koto,only,2026-11-10,60,70,0,70,
0927030452_koto_2026-11-10,2026-09-27 03:06:52,koto,only,2026-11-10,120,70,0,70,
