time,site,kind,result,earliest,n_dates,am_left,pm_left,sec
2026-09-26 20:25,fuchu,both,ok,2026-12-03,17,10,0,62.1
2026-09-26 20:25,fuchu,only,ok,2026-11-12,31,64,11,62.5
2026-09-26 20:25,samezu,both,ok,2026-12-08,14,4,0,64.9
2026-09-26 20:25,samezu,only,ok,2026-11-10,33,21,16,62.4
2026-09-26 20:25,koto,both,ok,2026-12-10,10,1,0,62.9
2026-09-26 20:25,koto,only,ok,2026-11-10,33,75,3,62.4
2026-09-26 20:45,fuchu,both,ok,2026-12-03,17,10,0,62.9
2026-09-26 20:45,fuchu,only,ok,2026-11-12,31,64,10,63.1
2026-09-26 20:45,samezu,both,ok,2026-12-08,14,4,0,63.8
2026-09-26 20:45,samezu,only,ok,2026-11-10,33,21,15,63.0
2026-09-26 20:45,koto,both,ok,2026-12-10,10,1,0,62.6
2026-09-26 20:45,koto,only,ok,2026-11-10,33,75,3,63.3
2026-09-26 21:00,fuchu,both,ok,2026-12-03,17,9,0,63.9
2026-09-26 21:00,fuchu,only,ok,2026-11-12,31,64,9,63.0
2026-09-26 21:00,samezu,both,ok,2026-12-08,14,4,0,63.8
2026-09-26 21:00,samezu,only,ok,2026-11-10,33,21,14,63.2
2026-09-26 21:00,koto,both,ok,2026-12-10,10,1,0,62.7
2026-09-26 21:00,koto,only,ok,2026-11-10,33,74,3,63.1
2026-09-26 21:15,fuchu,both,ok,2026-12-03,17,9,0,64.0
2026-09-26 21:15,fuchu,only,ok,2026-11-12,31,64,8,63.1
2026-09-26 21:15,samezu,both,ok,2026-12-08,14,4,0,67.9
2026-09-26 21:15,samezu,only,ok,2026-11-10,33,21,15,63.2
2026-09-26 21:15,koto,both,ok,2026-12-10,10,1,0,63.7
2026-09-26 21:15,koto,only,ok,2026-11-10,33,75,1,63.0
2026-09-26 21:30,fuchu,both,ok,2026-12-03,17,10,0,62.9
2026-09-26 21:30,fuchu,only,ok,2026-11-12,31,62,7,63.0
2026-09-26 21:30,samezu,both,ok,2026-12-08,14,3,0,62.8
2026-09-26 21:30,samezu,only,ok,2026-11-10,33,21,14,63.1
2026-09-26 21:30,koto,both,ok,2026-12-10,10,1,0,62.8
2026-09-26 21:30,koto,only,ok,2026-11-10,33,75,0,63.6
2026-09-26 21:46,fuchu,both,ok,2026-12-03,17,10,0,66.3
2026-09-26 21:46,fuchu,only,ok,2026-11-12,31,62,7,63.1
2026-09-26 21:46,samezu,both,ok,2026-12-08,14,3,0,63.0
2026-09-26 21:46,samezu,only,ok,2026-10-13,36,0,0,64.5
2026-09-26 21:46,koto,both,ok,2026-12-10,11,1,0,63.0
2026-09-26 21:46,koto,only,ok,2026-11-10,33,74,0,63.3
2026-09-26 21:52,fuchu,both,ok,2026-12-03,17,9,0,66.6
2026-09-26 21:52,fuchu,only,ok,2026-11-06,32,0,0,63.2
2026-09-26 21:52,samezu,both,ok,2026-12-08,14,3,0,63.1
2026-09-26 21:52,samezu,only,ok,2026-11-10,33,21,14,63.2
2026-09-26 21:52,koto,both,ok,2026-12-10,11,1,0,62.9
2026-09-26 21:52,koto,only,ok,2026-10-05,34,0,0,64.7
2026-09-26 21:59,koto,only,ok,2026-11-10,33,74,0,9.5
2026-09-26 21:59,fuchu,only,ok,2026-11-12,31,61,7,7.8
2026-09-26 21:59,samezu,only,ok,2026-11-10,33,21,14,7.8
2026-09-26 22:02,koto,only,ok,2026-11-10,33,74,0,8.1
2026-09-26 22:05,koto,only,ok,2026-11-10,33,73,0,8.0
2026-09-26 22:08,koto,only,ok,2026-11-10,33,73,0,8.2
2026-09-26 22:11,koto,only,ok,2026-11-10,33,73,0,9.3
2026-09-26 22:22,koto,only,ok,2026-11-05,35,0,2,192
2026-09-26 22:22,fuchu,only,ok,2026-11-12,32,61,5,234
2026-09-26 22:22,samezu,only,ok,2026-11-10,34,22,13,231
